{
  "css/style.css": 1751870676267,
  "i18n/i18n_en.properties": 1751862819933,
  "i18n/i18n_en_US.properties": 1751862818873,
  "controller/App.controller.js": 1751862457657,
  "model/formatter.js": 1751862695145,
  "controller/NotFoundPage.controller.js": 1751870944235,
  "controller/ListPage.controller.js": 1751870211658,
  "controller/DetailPage.controller.js": 1751870600055,
  "controller/BaseController.js": 1751871008991,
  "model/models.js": 1751862711713,
  "manifest.json": 1751871252872,
  "Component.js": 1751862457649,
  "model/formatter-dbg.js": 1751862695145,
  "model/formatter.js.map": 1751871393003,
  "controller/App-dbg.controller.js": 1751862457657,
  "controller/App.controller.js.map": 1751871393001,
  "controller/NotFoundPage-dbg.controller.js": 1751870944235,
  "controller/NotFoundPage.controller.js.map": 1751871393004,
  "controller/ListPage-dbg.controller.js": 1751870211658,
  "controller/ListPage.controller.js.map": 1751871393015,
  "controller/DetailPage-dbg.controller.js": 1751870600055,
  "controller/DetailPage.controller.js.map": 1751871393033,
  "controller/BaseController-dbg.js": 1751871008991,
  "controller/BaseController.js.map": 1751871393007,
  "model/models-dbg.js": 1751862711713,
  "model/models.js.map": 1751871393010,
  "Component-dbg.js": 1751862457649,
  "Component.js.map": 1751871393010,
  "Component-preload.js": 1751871393242,
  "Component-preload.js.map": 1751871393243,
  "view/fragment/ListPage.fragment.xml": 1751869851413,
  "view/fragment/Header.fragment.xml": 1751869665957,
  "view/fragment/ChangePage.fragment.xml": 1751869758477,
  "view/NotFoundPage.view.xml": 1751871312004,
  "view/ListPage.view.xml": 1751871353364,
  "view/DetailPage.view.xml": 1751862616205,
  "view/App.view.xml": 1751862457657,
  "image/inu.jpg": 1751862777069,
  "i18n/i18n.properties": 1751871112676,
  "index.html": 1751862457653
}