{
  "controller/DetailPage.controller.js.map": 1751864253901,
  "i18n/i18n_en_US.properties": 1751862818873,
  "i18n/i18n.properties": 1751863128054,
  "manifest.json": 1751863008898,
  "model/formatter.js": 1751862695145,
  "controller/ListPage.controller.js": 1751862511589,
  "controller/DetailPage.controller.js": 1751862673937,
  "controller/App.controller.js": 1751862457657,
  "model/models.js": 1751862711713,
  "Component.js": 1751862457649,
  "Component-dbg.js": 1751862457649,
  "Component.js.map": 1751864253870,
  "controller/ListPage-dbg.controller.js": 1751862511589,
  "controller/ListPage.controller.js.map": 1751864253884,
  "controller/DetailPage-dbg.controller.js": 1751862673937,
  "i18n/i18n_en.properties": 1751862819933,
  "controller/App-dbg.controller.js": 1751862457657,
  "controller/App.controller.js.map": 1751864253866,
  "model/models-dbg.js": 1751862711713,
  "model/models.js.map": 1751864253874,
  "model/formatter-dbg.js": 1751862695145,
  "model/formatter.js.map": 1751864253874,
  "Component-preload.js": 1751864253989,
  "Component-preload.js.map": 1751864253989,
  "view/fragment/ListPage.fragment.xml": 1751863082658,
  "view/fragment/Header.fragment.xml": 1751863312487,
  "view/fragment/ChangePage.fragment.xml": 1751862605173,
  "view/ListPage.view.xml": 1751862572641,
  "view/DetailPage.view.xml": 1751862616205,
  "view/App.view.xml": 1751862457657,
  "css/style.css": 1751862762321,
  "image/inu.jpg": 1751862777069,
  "index.html": 1751862457653
}